{
  "ents_f": 83.0956403449,
  "ents_p": 84.0891681561,
  "ents_r": 82.1253157832,
  "las": 88.5765686382,
  "tags_acc": 96.2712177609,
  "token_acc": 95.8825112452,
  "uas": 90.6604985865
}