{
  "ents_f": 81.2712760929,
  "ents_p": 81.8584456004,
  "ents_r": 80.6924701116
}