{
  "ents_f": 82.6380811038,
  "ents_p": 82.8041477433,
  "ents_r": 82.4726792362,
  "las": 84.6869048953,
  "tags_acc": 94.48,
  "token_acc": 100.0,
  "uas": 87.5994174975
}